011002,北海道,札幌市,サッポロシ,さっぽろ雪まつりと大通公園で有名,
012025,北海道,函館市,ハコダテシ,五稜郭と函館山の夜景が観光名所,
012033,北海道,小樽市,オタルシ,小樽運河とガラス工芸が人気,
012041,北海道,旭川市,アサヒカワシ,旭山動物園が全国的に有名,
012050,北海道,室蘭市,ムロランシ,白鳥大橋と工場夜景の名所,
012068,北海道,釧路市,クシロシ,釧路湿原国立公園とタンチョウの生息地,
012076,北海道,帯広市,オビヒロシ,ばんえい競馬と六花亭の本店がある,
012084,北海道,北見市,キタミシ,焼肉の街として知られ玉ねぎが特産,
012092,北海道,夕張市,ユウバリシ,夕張メロンが全国的に有名,
012106,北海道,岩見沢市,イワミザワシ,北海道グリーンランド遊園地がある,
012114,北海道,網走市,アバシリシ,博物館網走監獄とオホーツク流氷館,
012122,北海道,留萌市,ルモイシ,日本海に沈む夕日が絶景として知られる,
012131,北海道,苫小牧市,トマコマイシ,ホッキ貝の水揚げ量が日本一,
012149,北海道,稚内市,ワッカナイシ,日本最北端の宗谷岬がある,
012157,北海道,美唄市,ビバイシ,アルテピアッツァ美唄がある芸術の町,
012165,北海道,芦別市,アシベツシ,星の降る里として観光PRされている,
012173,北海道,江別市,エベツシ,煉瓦の街で江別煉瓦が有名,
012181,北海道,赤平市,アカビラシ,旧炭鉱街で炭鉱遺産と石炭博物館がある,
012190,北海道,紋別市,モンベツシ,流氷とガリンコ号による観光が有名,
012203,北海道,士別市,シベツシ,羊のまちとしてサフォーク種の飼育が盛ん,
012211,北海道,名寄市,ナヨロシ,なよろ雪質日本一フェスティバルの開催地,
012220,北海道,三笠市,ミカサシ,三笠鉄道村と旧炭鉱の歴史が学べる,
012238,北海道,根室市,ネムロシ,納沙布岬と花咲ガニが名物,
012246,北海道,千歳市,チトセシ,新千歳空港とサケのふるさと館がある,
012254,北海道,滝川市,タキカワシ,菜の花畑とグライダーのまちとして有名,
012262,北海道,砂川市,スナガワシ,スイーツロードと呼ばれる洋菓子店街がある,
012271,北海道,歌志内市,ウタシナイシ,日本一人口が少ない市,
012289,北海道,深川市,フカガワシ,そばの生産が盛んでそば祭りが開催される,
012297,北海道,富良野市,フラノシ,ラベンダー畑とドラマ『北の国から』の舞台,
012301,北海道,登別市,ノボリベツシ,登別温泉と地獄谷が全国的に知られる,
012319,北海道,恵庭市,エニワシ,花と緑のガーデンシティとして整備が進む,
012335,北海道,伊達市,ダテシ,有珠山と昭和新山への玄関口,同名の市が福島県に存在する。
012343,北海道,北広島市,キタヒロシマシ,エスコンフィールドHOKKAIDOがある,
012351,北海道,石狩市,イシカリシ,石狩鍋の発祥地として知られる,
012360,北海道,北斗市,ホクトシ,北海道新幹線の新函館北斗駅がある,
022012,青森県,青森市,アオモリシ,ねぶた祭と青森県立美術館が有名,
022021,青森県,弘前市,ヒロサキシ,弘前城と桜まつりが全国的に知られる,
022039,青森県,八戸市,ハチノヘシ,八食センターと館鼻岸壁朝市が名物,
022047,青森県,黒石市,クロイシシ,黒石つゆ焼きそばとこみせ通りが特色,
022055,青森県,五所川原市,ゴショガワラシ,立佞武多と太宰治記念館「斜陽館」がある,
022063,青森県,十和田市,トワダシ,十和田湖と十和田市現代美術館が観光地,
022071,青森県,三沢市,ミサワシ,三沢航空科学館と米軍基地がある,
022080,青森県,むつ市,ムツシ,恐山と大間マグロへの玄関口,
022098,青森県,つがる市,ツガルシ,遮光器土偶の出土地とメロンの産地,
022101,青森県,平川市,ヒラカワシ,猿賀神社とりんご公園がある,
032018,岩手県,盛岡市,モリオカシ,盛岡冷麺と石割桜が有名,
032026,岩手県,宮古市,ミヤコシ,浄土ヶ浜とリアス海岸の絶景,
032034,岩手県,大船渡市,オオフナトシ,さんまの水揚げ港と碁石海岸がある,
032051,岩手県,花巻市,ハナマキシ,宮沢賢治記念館と花巻温泉がある,
032069,岩手県,北上市,キタカミシ,北上展勝地の桜並木が名所,
032077,岩手県,久慈市,クジシ,琥珀とあまちゃんロケ地で知られる,
032085,岩手県,遠野市,トオノシ,遠野物語とカッパ伝説の里,
032093,岩手県,一関市,イチノセキシ,厳美渓と猊鼻渓の景勝地がある,
032107,岩手県,陸前高田市,リクゼンタカタシ,奇跡の一本松と津波伝承施設がある,
032115,岩手県,釜石市,カマイシシ,釜石大観音とラグビーのまち,
032131,岩手県,二戸市,ニノヘシ,南部せんべいと折爪岳が有名,
032140,岩手県,八幡平市,ハチマンタイシ,八幡平アスピーテラインと温泉郷がある,
032158,岩手県,奥州市,オウシュウシ,えさし藤原の郷と前沢牛が特産,
032166,岩手県,滝沢市,タキザワシ,岩手山の登山口と農業科学館がある,
041009,宮城県,仙台市,センダイシ,仙台七夕まつりと牛たん,
042021,宮城県,石巻市,イシノマキシ,石ノ森萬画館と牡鹿半島がある,
042030,宮城県,塩竈市,シオガマシ,塩竈神社と寿司の名店が集まる,
042056,宮城県,気仙沼市,ケセンヌマシ,気仙沼港とフカヒレの名産地,
042064,宮城県,白石市,シロイシシ,白石城と白石温麺が特産,
042072,宮城県,名取市,ナトリシ,仙台空港とゆりあげ朝市がある,
042081,宮城県,角田市,カクダシ,角田宇宙センターと菜の花畑が有名,
042099,宮城県,多賀城市,タガジョウシ,多賀城跡と東北歴史博物館がある,
042111,宮城県,岩沼市,イワヌマシ,竹駒神社と千年希望の丘がある,
042129,宮城県,登米市,トメシ,登米懐古館と伝統的な武家屋敷街がある,
042137,宮城県,栗原市,クリハラシ,栗駒山と伊豆沼・内沼の渡り鳥観察地,
042145,宮城県,東松島市,ヒガシマツシマシ,航空自衛隊松島基地とブルーインパルスの展示飛行,
042153,宮城県,大崎市,オオサキシ,鳴子温泉郷とこけしの発祥地,
042161,宮城県,富谷市,トミヤシ,富谷宿とブルーベリーの産地,
052019,秋田県,秋田市,アキタシ,秋田竿燈まつりと秋田犬会館がある,
052027,秋田県,能代市,ノシロシ,能代工業バスケと風の松原が有名,
052035,秋田県,横手市,ヨコテシ,横手の雪まつりとかまくらが名物,
052043,秋田県,大館市,オオダテシ,忠犬ハチ公の故郷と比内地鶏が特産,
052060,秋田県,男鹿市,オガシ,男鹿半島とナマハゲが有名,
052078,秋田県,湯沢市,ユザワシ,犬っこまつりと川連漆器の産地,
052094,秋田県,鹿角市,カヅノシ,大湯環状列石と花輪ばやしが有名,
052108,秋田県,由利本荘市,ユリホンジョウシ,本荘ごてんまりと鳥海山の玄関口,
052116,秋田県,潟上市,カタガミシ,ブルーベリーと天王グリーンランドがある,
052124,秋田県,大仙市,ダイセンシ,全国花火競技大会「大曲の花火」の開催地,
052132,秋田県,北秋田市,キタアキタシ,森吉山の樹氷と阿仁スキー場がある,
052141,秋田県,にかほ市,ニカホシ,鳥海山と仁賀保高原が観光地,
052159,秋田県,仙北市,センボクシ,角館の武家屋敷と田沢湖が有名,
062014,山形県,山形市,ヤマガタシ,山形花笠まつりと蔵王温泉が有名,
062022,山形県,米沢市,ヨネザワシ,上杉神社と米沢牛の名産地,
062031,山形県,鶴岡市,ツルオカシ,加茂水族館と庄内映画村がある,
062049,山形県,酒田市,サカタシ,山居倉庫と舞娘茶屋が観光名所,
062057,山形県,新庄市,シンジョウシ,新庄まつりと最上川舟下りが有名,
062065,山形県,寒河江市,サガエシ,寒河江さくらんぼと寒河江八幡宮がある,
062073,山形県,上山市,カミノヤマシ,上山城と上山温泉がある,
062081,山形県,村山市,ムラヤマシ,東沢バラ公園とそば打ち体験が人気,
062090,山形県,長井市,ナガイシ,あやめ公園と長井ダムがある,
062103,山形県,天童市,テンドウシ,将棋駒の生産地と人間将棋イベントが有名,
062111,山形県,東根市,ヒガシネシ,さくらんぼの里として知られる,
062120,山形県,尾花沢市,オバナザワシ,銀山温泉と尾花沢すいかが特産,
062138,山形県,南陽市,ナンヨウシ,赤湯温泉とぶどう・ワインの産地,
072010,福島県,福島市,フクシマシ,飯坂温泉と花見山公園が有名,
072028,福島県,会津若松市,アイヅワカマツシ,鶴ヶ城と白虎隊の歴史がある,
072036,福島県,郡山市,コオリヤマシ,開成山公園と楽都としての音楽文化が特色,
072044,福島県,いわき市,イワキシ,スパリゾートハワイアンズとアクアマリンふくしまがある,
072052,福島県,白河市,シラカワシ,白河小峰城と白河ラーメンが名物,
072079,福島県,須賀川市,スカガワシ,ウルトラマンの聖地と釈迦堂川花火大会が有名,
072087,福島県,喜多方市,キタカタシ,喜多方ラーメンと蔵の街並みで知られる,
072095,福島県,相馬市,ソウマシ,相馬野馬追と相馬港がある,
072109,福島県,二本松市,ニホンマツシ,二本松提灯祭りと霞ヶ城跡が観光地,
072117,福島県,田村市,タムラシ,あぶくま洞と星の村天文台がある,
072125,福島県,南相馬市,ミナミソウマシ,南相馬野馬追と震災復興の拠点都市,
072133,福島県,伊達市,ダテシ,霊山とモモの産地として有名,同名の市が北海道に存在する。
072141,福島県,本宮市,モトミヤシ,安達太良山の登山口と本宮まゆみ祭が特色,
082015,茨城県,水戸市,ミトシ,偕楽園と水戸黄門ゆかりの地,
082023,茨城県,日立市,ヒタチシ,日立製作所創業の地とかみね動物園,
082031,茨城県,土浦市,ツチウラシ,霞ヶ浦とレンコンの名産地,
082040,茨城県,古河市,コガシ,古河公方公園と桃まつりが有名,
082058,茨城県,石岡市,イシオカシ,常陸国総社宮と石岡のおまつり,
082074,茨城県,結城市,ユウキシ,結城紬の産地で国の重要無形文化財,
082082,茨城県,龍ケ崎市,リュウガサキシ,龍ヶ崎コロッケと牛久沼がある,
082104,茨城県,下妻市,シモツマシ,砂沼サンビーチと筑波サーキットがある,
082112,茨城県,常総市,ジョウソウシ,豊田城と鬼怒川の水郷地帯,
082121,茨城県,常陸太田市,ヒタチオオタシ,西山荘と竜神大吊橋が名所,
082147,茨城県,高萩市,タカハギシ,高戸小浜海岸と松岡城跡がある,
082155,茨城県,北茨城市,キタイバラキシ,五浦海岸と岡倉天心記念館がある,
082163,茨城県,笠間市,カサマシ,笠間稲荷神社と笠間焼の産地,
082171,茨城県,取手市,トリデシ,利根川河川敷とアートプロジェクトがある,
082198,茨城県,牛久市,ウシクシ,牛久大仏とワイナリーが有名,
082201,茨城県,つくば市,ツクバシ,筑波大学とつくばエキスポセンターがある,
082210,茨城県,ひたちなか市,ヒタチナカシ,国営ひたち海浜公園とネモフィラが名物,
082228,茨城県,鹿嶋市,カシマシ,鹿島神宮と鹿島アントラーズの本拠地,
082236,茨城県,潮来市,イタコシ,あやめまつりと嫁入り舟が名物,
082244,茨城県,守谷市,モリヤシ,TX沿線の住宅都市で守谷城址がある,
082252,茨城県,常陸大宮市,ヒタチオオミヤシ,御前山と久慈川の自然が豊か,
082261,茨城県,那珂市,ナカシ,ひまわり畑と静峰ふるさと公園の八重桜,
082279,茨城県,筑西市,チクセイシ,しもだて美術館と下館祇園まつり,
082287,茨城県,坂東市,バンドウシ,逆井城跡と岩井将門まつり,
082295,茨城県,稲敷市,イナシキシ,浮島湿原と江戸崎かぼちゃが特産,
082309,茨城県,かすみがうら市,カスミガウラシ,霞ヶ浦とレンコン畑が広がる,
082317,茨城県,桜川市,サクラガワシ,雨引観音と真壁のひなまつり,
082325,茨城県,神栖市,カミスシ,鹿島港と波崎漁港の水産業が盛ん,
082333,茨城県,行方市,ナメガタシ,霞ヶ浦ふれあいランドと行方バーガー,
082341,茨城県,鉾田市,ホコタシ,メロンの生産量日本一と鹿島灘海岸,
082350,茨城県,つくばみらい市,ツクバミライシ,みらい平と小貝川ふれあい公園,
082368,茨城県,小美玉市,オミタマシ,茨城空港と小川の温泉地がある,
092011,栃木県,宇都宮市,ウツノミヤシ,宇都宮餃子と大谷資料館が有名,
092029,栃木県,足利市,アシカガシ,足利学校とあしかがフラワーパークが観光地,
092037,栃木県,栃木市,トチギシ,蔵の街並みと巴波川の舟運が名所,
092045,栃木県,佐野市,サノシ,佐野ラーメンと佐野厄よけ大師が有名,
092053,栃木県,鹿沼市,カヌマシ,鹿沼彫刻屋台とさつき祭りが有名,
092061,栃木県,日光市,ニッコウシ,日光東照宮と華厳の滝が世界的観光地,
092088,栃木県,小山市,オヤマシ,祇園祭と間々田のじゃがまいたが名物,
092096,栃木県,真岡市,モオカシ,真岡鉄道といちごの生産が盛ん,
092100,栃木県,大田原市,オオタワラシ,那須与一ゆかりの地と温泉郷がある,
092118,栃木県,矢板市,ヤイタシ,八方ヶ原とリンゴ狩りが名物,
092134,栃木県,那須塩原市,ナスシオバラシ,塩原温泉郷と千本松牧場が有名,
092142,栃木県,さくら市,サクラシ,喜連川温泉と荒川の桜並木がある,
092151,栃木県,那須烏山市,ナスカラスヤマシ,山あげ祭と那珂川の鮎が名物,
092169,栃木県,下野市,シモツケシ,下野薬師寺跡と天平の丘公園がある,
102016,群馬県,前橋市,マエバシシ,前橋るなぱあくと敷島公園ばら園が有名,
102024,群馬県,高崎市,タカサキシ,だるまと高崎白衣大観音が名所,
102032,群馬県,桐生市,キリュウシ,桐生織とノコギリ屋根工場群がある,
102041,群馬県,伊勢崎市,イセサキシ,伊勢崎もんじゃと華蔵寺公園遊園地がある,
102059,群馬県,太田市,オオタシ,スバルの企業城下町と金山城跡が有名,
102067,群馬県,沼田市,ヌマタシ,吹割の滝と沼田城址公園が観光地,
102075,群馬県,館林市,タテバヤシシ,つつじが岡公園と館林うどんが名物,
102083,群馬県,渋川市,シブカワシ,伊香保温泉と石段街が有名,
102091,群馬県,藤岡市,フジオカシ,鬼石夏まつりと桜山公園の冬桜が見所,
102105,群馬県,富岡市,トミオカシ,世界遺産の富岡製糸場がある,
102113,群馬県,安中市,アンナカシ,碓氷峠鉄道文化むらと眼鏡橋が名所,
102121,群馬県,みどり市,ミドリシ,大間々祇園祭とわたらせ渓谷鐵道が人気,
111007,埼玉県,さいたま市,サイタマシ,鉄道博物館と埼玉スタジアムがある,
112011,埼玉県,川越市,カワゴエシ,小江戸の蔵造り町並みと川越まつりが有名,
112020,埼玉県,熊谷市,クマガヤシ,熊谷うちわ祭と日本一の暑さで知られる,
112038,埼玉県,川口市,カワグチシ,鋳物の町として栄えた工業都市,
112062,埼玉県,行田市,ギヨウダシ,忍城と足袋の産地として有名,
112071,埼玉県,秩父市,チチブシ,秩父夜祭と三峯神社が観光地,
112089,埼玉県,所沢市,トコロザワシ,航空発祥の地と西武園ゆうえんちがある,
112097,埼玉県,飯能市,ハンノウシ,ムーミンバレーパークと名栗湖がある,
112101,埼玉県,加須市,カゾシ,鯉のぼり生産と加須うどんが名物,
112119,埼玉県,本庄市,ホンジヨウシ,本庄早稲田駅と競進社模範蚕室がある,
112127,埼玉県,東松山市,ヒガシマツヤマシ,やきとりの町と箭弓稲荷神社がある,
112143,埼玉県,春日部市,カスカベシ,クレヨンしんちゃんの舞台と藤まつり,
112151,埼玉県,狭山市,サヤマシ,狭山茶の名産地として知られる,
112160,埼玉県,羽生市,ハニユウシ,羽生パーキングエリアとムジナもんが人気,
112178,埼玉県,鴻巣市,コウノスシ,ひな人形の産地とポピー畑が有名,
112186,埼玉県,深谷市,フカヤシ,渋沢栄一の出身地と深谷ネギが特産,
112194,埼玉県,上尾市,アゲオシ,上尾丸山公園と桶川飛行学校跡がある,
112216,埼玉県,草加市,ソウカシ,草加せんべいと旧日光街道がある,
112224,埼玉県,越谷市,コシガヤシ,レイクタウンと越谷だるまが有名,
112232,埼玉県,蕨市,ワラビシ,日本一面積が小さい市で機織りが盛んだった,
112241,埼玉県,戸田市,トダシ,戸田競艇場とボートのまちとして知られる,
112259,埼玉県,入間市,イルマシ,入間航空祭と狭山茶が有名,
112275,埼玉県,朝霞市,アサカシ,陸上自衛隊朝霞駐屯地と和光樹林公園がある,
112283,埼玉県,志木市,シキシ,いろは親水公園と旧村山快哉堂がある,
112291,埼玉県,和光市,ワコウシ,理化学研究所と成増ヶ原古戦場跡がある,
112305,埼玉県,新座市,ニイザシ,平林寺と野火止用水の歴史が残る,
112313,埼玉県,桶川市,オケガワシ,べに花ふるさと館と中山道の宿場町,
112321,埼玉県,久喜市,クキシ,久喜提燈祭りと鷲宮神社が人気,
112330,埼玉県,北本市,キタモトシ,北本トマトカレーと自然観察公園がある,
112348,埼玉県,八潮市,ヤシオシ,工業都市でつくばエクスプレスが通る,
112356,埼玉県,富士見市,フジミシ,ららぽーと富士見とびん沼自然公園がある,
112372,埼玉県,三郷市,ミサトシ,IKEAとららぽーと新三郷がある商業都市,
112381,埼玉県,蓮田市,ハスダシ,蓮田SAと田園風景が広がる住宅地,
112399,埼玉県,坂戸市,サカドシ,坂戸よさこいと大智寺がある,
112402,埼玉県,幸手市,サッテシ,権現堂桜堤とあじさいまつりが有名,
112411,埼玉県,鶴ヶ島市,ツルガシマシ,脚折雨乞と高倉ふるさと館がある,
112429,埼玉県,日高市,ヒダカシ,巾着田の曼珠沙華と高麗神社が名所,
112437,埼玉県,吉川市,ヨシカワシ,なまず料理と吉川美南駅周辺の開発,
112453,埼玉県,ふじみ野市,フジミノシ,イオン大井と旧上福岡市文化施設がある,
112461,埼玉県,白岡市,シラオカシ,白岡八幡宮と梨の生産が盛ん,
121002,千葉県,千葉市,チバシ,幕張メッセと千葉ポートタワーがある,
122025,千葉県,銚子市,チョウシシ,犬吠埼と銚子電鉄が観光名所,
122033,千葉県,市川市,イチカワシ,市川真間と法華経寺の門前町,
122041,千葉県,船橋市,フナバシシ,ふなっしーと船橋競馬場で知られる,
122050,千葉県,館山市,タテヤマシ,館山城と南房総の海水浴地,
122068,千葉県,木更津市,キサラヅシ,三井アウトレットパークとあさりの名産地,
122076,千葉県,松戸市,マツドシ,矢切の渡しと21世紀の森と広場がある,
122084,千葉県,野田市,ノダシ,キッコーマンの本社と醤油の街として有名,
122106,千葉県,茂原市,モバラシ,茂原七夕まつりと蓮沼海浜公園がある,
122114,千葉県,成田市,ナリタシ,成田山新勝寺と成田空港の所在地,
122122,千葉県,佐倉市,サクラシ,国立歴史民俗博物館と佐倉城址公園がある,
122131,千葉県,東金市,トウガネシ,八鶴湖と東金御殿跡がある,
122157,千葉県,旭市,アサヒシ,飯岡灯台と九十九里浜に面した海産地,
122165,千葉県,習志野市,ナラシノシ,谷津干潟と習志野自衛隊がある,
122173,千葉県,柏市,カシワシ,柏の葉キャンパスとサッカーJリーグ柏レイソル,
122181,千葉県,勝浦市,カツウラシ,朝市と勝浦タンタンメンが有名,
122190,千葉県,市原市,イチハラシ,養老渓谷と市原ぞうの国がある,
122203,千葉県,流山市,ナガレヤマシ,つくばエクスプレスと流山本町の白みりん文化,
122211,千葉県,八千代市,ヤチヨシ,京成バラ園とやちよ農業交流センターがある,
122220,千葉県,我孫子市,アビコシ,手賀沼と白樺文学館がある,
122238,千葉県,鴨川市,カモガワシ,鴨川シーワールドと温暖な海岸地帯,
122246,千葉県,鎌ケ谷市,カマガヤシ,ファイターズ鎌ケ谷スタジアムと梨の産地,
122254,千葉県,君津市,キミツシ,亀山湖と久留里の名水が有名,
122262,千葉県,富津市,フッツシ,富津岬と明治百年記念展望塔がある,
122271,千葉県,浦安市,ウラヤスシ,東京ディズニーリゾートと舞浜駅がある,
122289,千葉県,四街道市,ヨツカイドウシ,総合公園とベッドタウン開発が進む,
122297,千葉県,袖ケ浦市,ソデガウラシ,東京ドイツ村と袖ケ浦海浜公園がある,
122301,千葉県,八街市,ヤチマタシ,落花生の生産が盛んな農業都市,
122319,千葉県,印西市,インザイシ,千葉ニュータウンと牧の原公園がある,
122327,千葉県,白井市,シロイシ,白井梨が特産で新興住宅地として発展,
122335,千葉県,富里市,トミサトシ,スイカの名産地と成田空港へのアクセスが良い,
122343,千葉県,南房総市,ミナミボウソウシ,野島崎灯台と道の駅ちくら潮風王国が人気,
122351,千葉県,匝瑳市,ソウサシ,米とネギの生産地で神崎神社がある,
122360,千葉県,香取市,カトリシ,佐原の町並みと香取神宮が有名,
122378,千葉県,山武市,サンムシ,九十九里浜とイチゴの観光農園がある,
122386,千葉県,いすみ市,イスミシ,いすみ鉄道と太東崎の海岸が観光地,
122394,千葉県,大網白里市,オオアミシラサトシ,九十九里海岸と白里海水浴場がある,
132012,東京都,八王子市,ハチオウジシ,高尾山と多摩御陵が有名,
132021,東京都,立川市,タチカワシ,昭和記念公園とIKEA立川がある,
132039,東京都,武蔵野市,ムサシノシ,吉祥寺と井の頭恩賜公園が人気,
132047,東京都,三鷹市,ミタカシ,三鷹の森ジブリ美術館と太宰治旧居がある,
132055,東京都,青梅市,オウメシ,御岳山と昭和レトロ商品博物館が名所,
132063,東京都,府中市,フチュウシ,大國魂神社と東京競馬場がある,同名の市が広島県に存在する。
132071,東京都,昭島市,アキシマシ,モリタウンと多摩川の河川敷公園がある,
132080,東京都,調布市,チョウフシ,深大寺と味の素スタジアムが有名,
132098,東京都,町田市,マチダシ,町田リス園と芹ヶ谷公園がある,
132101,東京都,小金井市,コガネイシ,江戸東京たてもの園と武蔵野公園がある,
132110,東京都,小平市,コダイラシ,玉川上水とブルーベリーの産地,
132128,東京都,日野市,ヒノシ,新選組のふるさとと高幡不動尊がある,
132136,東京都,東村山市,ヒガシムラヤマシ,多摩湖と志村けんの出身地で有名,
132144,東京都,国分寺市,コクブンジシ,武蔵国分寺跡とお鷹の道がある,
132152,東京都,国立市,クニタチシ,一橋大学と桜並木の大学通りが名所,
132187,東京都,福生市,フッサシ,横田基地と福生ベースサイドストリートがある,
132195,東京都,狛江市,コマエシ,多摩川沿いの住宅都市で狛江古墳群がある,
132209,東京都,東大和市,ヒガシヤマトシ,多摩湖と東京都薬用植物園がある,
132217,東京都,清瀬市,キヨセシ,清瀬ひまわりフェスティバルと農業が盛ん,
132225,東京都,東久留米市,ヒガシクルメシ,落合川と竹林公園が名所,
132233,東京都,武蔵村山市,ムサシムラヤマシ,イオンモールと野山北・六道山公園がある,
132241,東京都,多摩市,タマシ,サンリオピューロランドと多摩センターがある,
132250,東京都,稲城市,イナギシ,よみうりランドと梨の特産地として知られる,
132276,東京都,羽村市,ハムラシ,羽村堰とチューリップ畑が有名,
132284,東京都,あきる野市,アキルノシ,秋川渓谷と瀬音の湯が人気,
132292,東京都,西東京市,ニシトウキョウシ,田無神社と多摩六都科学館がある,
141003,神奈川県,横浜市,ヨコハマシ,みなとみらいと中華街が人気の観光地,
141305,神奈川県,川崎市,カワサキシ,川崎大師と工業都市として発展,
141500,神奈川県,相模原市,サガミハラシ,相模湖とJAXA相模原キャンパスがある,
142018,神奈川県,横須賀市,ヨコスカシ,三笠公園と米海軍基地がある軍港の街,
142034,神奈川県,平塚市,ヒラツカシ,湘南ひらつか七夕まつりと湘南ベルマーレの本拠地,
142042,神奈川県,鎌倉市,カマクラシ,鶴岡八幡宮と大仏で知られる古都,
142051,神奈川県,藤沢市,フジサワシ,江の島と湘南海岸が人気観光地,
142069,神奈川県,小田原市,オダワラシ,小田原城とかまぼこが名産,
142077,神奈川県,茅ヶ崎市,チガサキシ,サザンビーチちがさきと烏帽子岩がある,
142085,神奈川県,逗子市,ズシシ,逗子海岸と披露山公園があるリゾート地,
142107,神奈川県,三浦市,ミウラシ,三崎マグロと城ヶ島が有名,
142115,神奈川県,秦野市,ハダノシ,丹沢登山口と秦野盆地湧水群がある,
142123,神奈川県,厚木市,アツギシ,あつぎ鮎まつりと七沢温泉が有名,
142131,神奈川県,大和市,ヤマトシ,引地台公園と鉄道交差点「大和トンネル」がある,
142140,神奈川県,伊勢原市,イセハラシ,大山阿夫利神社と大山登山で知られる,
142158,神奈川県,海老名市,エビナシ,海老名SAとららぽーと海老名がある,
142166,神奈川県,座間市,ザマシ,ひまわり畑とキャンプ座間がある,
142174,神奈川県,南足柄市,ミナミアシガラシ,大雄山最乗寺と足柄森林公園がある,
142182,神奈川県,綾瀬市,アヤセシ,綾瀬市オーエンス文化会館と農産物の直売が盛ん,
151009,新潟県,新潟市,ニイガタシ,信濃川と萬代橋、ぽんしゅ館が有名,
152021,新潟県,長岡市,ナガオカシ,長岡花火大会と米百俵の精神の地,
152048,新潟県,三条市,サンジョウシ,金物の産地で燕三条工場の祭典がある,
152056,新潟県,柏崎市,カシワザキシ,柏崎刈羽原発と海水浴場で知られる,
152064,新潟県,新発田市,シバタシ,新発田城と月岡温泉が観光地,
152081,新潟県,小千谷市,オヂヤシ,錦鯉の発祥地と牛の角突きが伝統,
152099,新潟県,加茂市,カモシ,加茂桐箪笥と青海神社がある,
152102,新潟県,十日町市,トオカマチシ,大地の芸術祭と着物の産地,
152111,新潟県,見附市,ミツケシ,中部産業団地と繊維製品の生産地,
152129,新潟県,村上市,ムラカミシ,村上牛と鮭の酒びたしが特産,
152137,新潟県,燕市,ツバメシ,金属洋食器の世界的産地,
152161,新潟県,糸魚川市,イトイガワシ,ヒスイ海岸とフォッサマグナミュージアムがある,
152170,新潟県,妙高市,ミョウコウシ,妙高高原と赤倉温泉がスキー観光地,
152188,新潟県,五泉市,ゴセンシ,チューリップとニット製品の産地,
152226,新潟県,上越市,ジョウエツシ,春日山城跡と高田城百万人観桜会が有名,
152234,新潟県,阿賀野市,アガノシ,瓢湖の白鳥とやすだ愛情牛乳が名物,
152242,新潟県,佐渡市,サドシ,佐渡金山とトキの保護区がある離島,
152251,新潟県,魚沼市,ウオヌマシ,魚沼産コシヒカリと奥只見湖がある,
152269,新潟県,南魚沼市,ミナミウオヌマシ,八海山とスキーリゾートが人気,
152277,新潟県,胎内市,タイナイシ,胎内スキー場とチューリップフェスティバルがある,
162019,富山県,富山市,トヤマシ,立山黒部アルペンルートの玄関口とガラス美術館がある,
162027,富山県,高岡市,タカオカシ,高岡大仏と銅器・漆器の伝統工芸が有名,
162043,富山県,魚津市,ウオヅシ,蜃気楼と魚津水族館がある,
162051,富山県,氷見市,ヒミシ,氷見寒ブリと藤子不二雄Aゆかりの地,
162060,富山県,滑川市,ナメリカワシ,ホタルイカの発光と滑川ほたるいかミュージアムがある,
162078,富山県,黒部市,クロベシ,黒部峡谷鉄道と宇奈月温泉が観光地,
162086,富山県,砺波市,トナミシ,チューリップフェアと散居村景観で知られる,
162094,富山県,小矢部市,オヤベシ,クロスランドおやべとメルヘン建築が特徴,
162108,富山県,南砺市,ナントシ,世界遺産の五箇山合掌造り集落がある,
162116,富山県,射水市,イミズシ,新湊大橋と白エビが名物,
172014,石川県,金沢市,カナザワシ,兼六園と21世紀美術館がある城下町,
172022,石川県,七尾市,ナナオシ,和倉温泉と青柏祭のデカ山で有名,
172031,石川県,小松市,コマツシ,小松空港と安宅の関がある加賀の町,
172049,石川県,輪島市,ワジマシ,輪島朝市と輪島塗が伝統工芸として有名,
172057,石川県,珠洲市,スズシ,奥能登の塩づくりと見附島が名所,
172065,石川県,加賀市,カガシ,山代・山中・片山津の加賀温泉郷がある,
172073,石川県,羽咋市,ハクイシ,氣多大社とUFOのまちとして知られる,
172090,石川県,かほく市,カホクシ,白尾海水浴場と繊維産業が盛ん,
172103,石川県,白山市,ハクサンシ,白山比咩神社と白山登山口がある,
172111,石川県,能美市,ノミシ,九谷焼と辰口温泉が名物,
172120,石川県,野々市市,ノノイチシ,学園都市として発展し住宅地が多い,
182010,福井県,福井市,フクイシ,福井城跡と恐竜博物館（勝山市に隣接）への玄関口,
182028,福井県,敦賀市,ツルガシ,氣比神宮と日本海さかな街が有名,
182044,福井県,小浜市,オバマシ,若狭塗箸と鯖街道の起点,
182052,福井県,大野市,オオノシ,天空の城「越前大野城」と名水百選のまち,
182061,福井県,勝山市,カツヤマシ,福井県立恐竜博物館とスキージャム勝山がある,
182079,福井県,鯖江市,サバエシ,メガネフレーム生産日本一と西山公園のつつじ,
182087,福井県,あわら市,アワラシ,芦原温泉と東尋坊へのアクセス拠点,
182095,福井県,越前市,エチゼンシ,越前打刃物と越前和紙が伝統産業,
182109,福井県,坂井市,サカイシ,東尋坊と丸岡城が有名,
192015,山梨県,甲府市,コウフシ,武田神社とぶどう・ワインの産地,
192023,山梨県,富士吉田市,フジヨシダシ,富士山の登山口と吉田うどんが名物,
192040,山梨県,都留市,ツルシ,リニア見学センターと桂川の自然がある,
192058,山梨県,山梨市,ヤマナシシ,笛吹川フルーツ公園とほったらかし温泉が人気,
192066,山梨県,大月市,オオツキシ,猿橋と岩殿山が名所,
192074,山梨県,韮崎市,ニラサキシ,武田信玄誕生の地とワインが特産,
192082,山梨県,南アルプス市,ミナミアルプスシ,南アルプスの登山口と桃・すももの名産地,
192091,山梨県,北杜市,ホクトシ,清里高原と八ヶ岳南麓のリゾート地,
192104,山梨県,甲斐市,カイシ,信玄堤と釜無川沿いの自然が魅力,
192112,山梨県,笛吹市,フエフキシ,石和温泉郷と桃源郷春まつりが有名,
192121,山梨県,上野原市,ウエノハラシ,甲州街道の宿場町でアウトドアが盛ん,
192139,山梨県,甲州市,コウシュウシ,勝沼のワインとぶどうの産地,
192147,山梨県,中央市,チュウオウシ,山梨大学医学部と田園地帯が広がる,
202011,長野県,長野市,ナガノシ,善光寺と1998年冬季五輪会場の街,
202029,長野県,松本市,マツモトシ,松本城と上高地への玄関口,
202037,長野県,上田市,ウエダシ,上田城と真田氏ゆかりの地,
202045,長野県,岡谷市,オカヤシ,諏訪湖と精密工業の街,
202053,長野県,飯田市,イイダシ,天竜峡と人形劇フェスタが有名,
202061,長野県,諏訪市,スワシ,諏訪大社と諏訪湖花火大会が名物,
202070,長野県,須坂市,スザカシ,臥竜公園と動物園、蔵の町並み,
202088,長野県,小諸市,コモロシ,小諸城址懐古園と島崎藤村ゆかりの地,
202096,長野県,伊那市,イナシ,高遠城址公園と高遠桜が名所,
202100,長野県,駒ヶ根市,コマガネシ,中央アルプス駒ヶ岳ロープウェイがある,
202118,長野県,中野市,ナカノシ,一本木公園のバラまつりとリンゴの産地,
202126,長野県,大町市,オオマチシ,黒部ダムと立山黒部アルペンルート,
202134,長野県,飯山市,イイヤマシ,雪深い豪雪地帯で仏壇となべくら高原が有名,
202142,長野県,茅野市,チノシ,蓼科高原と八ヶ岳の登山口,
202151,長野県,塩尻市,シオジリシ,奈良井宿とワインの産地,
202177,長野県,佐久市,サクシ,佐久バルーンフェスティバルと浅間山麓の自然,
202185,長野県,千曲市,チクマシ,戸倉上山田温泉とあんずの里がある,
202193,長野県,東御市,トウミシ,雷電（力士）の出身地とワイン用ブドウ栽培が盛ん,
202207,長野県,安曇野市,アヅミノシ,わさび田湧水群と安曇野ちひろ美術館がある,
212016,岐阜県,岐阜市,ギフシ,岐阜城と長良川鵜飼が有名,
212024,岐阜県,大垣市,オオガキシ,水の都と奥の細道むすびの地,
212032,岐阜県,高山市,タカヤマシ,高山祭と古い町並みが人気観光地,
212041,岐阜県,多治見市,タジミシ,美濃焼と日本一暑い町として有名,
212059,岐阜県,関市,セキシ,刃物のまちとして世界的に有名,
212067,岐阜県,中津川市,ナカツガワシ,栗きんとんと馬籠宿がある,
212075,岐阜県,美濃市,ミノシ,うだつの上がる町並みと美濃和紙が特産,
212083,岐阜県,瑞浪市,ミズナミシ,化石博物館と陶磁器の産地,
212091,岐阜県,羽島市,ハシマシ,新幹線の岐阜羽島駅と竹鼻まつり,
212105,岐阜県,恵那市,エナシ,岩村城址と日本大正村が観光地,
212113,岐阜県,美濃加茂市,ミノカモシ,日本昭和村（ぎふ清流里山公園）がある,
212121,岐阜県,土岐市,トキシ,美濃焼の陶磁器とアウトレットモールがある,
212130,岐阜県,各務原市,カカミガハラシ,航空宇宙博物館とイオンモール各務原,
212148,岐阜県,可児市,カニシ,花フェスタ記念公園と戦国武将ゆかりの地,
212156,岐阜県,山県市,ヤマガタシ,円原川と山県ばすけっと（農産物直売所）がある,
212164,岐阜県,瑞穂市,ミズホシ,旧中山道の宿場町とビオトープ整備が進む,
212172,岐阜県,飛騨市,ヒダシ,古川祭と白壁土蔵の町並みが残る伝統的な街並み,
212181,岐阜県,本巣市,モトスシ,根尾谷断層と淡墨桜が有名,
212199,岐阜県,郡上市,グジョウシ,郡上おどりと食品サンプルの生産地,
212202,岐阜県,下呂市,ゲロシ,日本三名泉の一つ下呂温泉がある,
212211,岐阜県,海津市,カイヅシ,千本松原と木曽三川公園がある,
221007,静岡県,静岡市,シズオカシ,日本平と久能山東照宮があるお茶の名産地,
221309,静岡県,浜松市,ハママツシ,浜名湖と楽器のまちとして有名,
222038,静岡県,沼津市,ヌマヅシ,沼津港と深海水族館が人気観光地,
222054,静岡県,熱海市,アタミシ,熱海温泉と来宮神社が有名,
222062,静岡県,三島市,ミシマシ,三嶋大社と柿田川湧水群がある,
222071,静岡県,富士宮市,フジノミヤシ,富士山本宮浅間大社とやきそばが名物,
222089,静岡県,伊東市,イトウシ,伊東温泉と城ヶ崎海岸がある,
222097,静岡県,島田市,シマダシ,蓬莱橋と大井川鐵道が名所,
222101,静岡県,富士市,フジシ,製紙業が盛んで富士山の眺望が美しい,
222119,静岡県,磐田市,イワタシ,ジュビロ磐田と旧見付学校がある,
222127,静岡県,焼津市,ヤイヅシ,焼津港とカツオ・マグロの水揚げが有名,
222135,静岡県,掛川市,カケガワシ,掛川城と花鳥園が人気観光地,
222143,静岡県,藤枝市,フジエダシ,サッカーと志太平野の茶どころ,
222151,静岡県,御殿場市,ゴテンバシ,御殿場プレミアム・アウトレットと富士山麓,
222160,静岡県,袋井市,フクロイシ,可睡斎とエコパスタジアムがある,
222194,静岡県,下田市,シモダシ,ペリー来航の地と黒船祭がある港町,
222208,静岡県,裾野市,スソノシ,富士サファリパークとテクノロジーパークがある,
222216,静岡県,湖西市,コサイシ,新居関所と浜名湖がある,
222224,静岡県,伊豆市,イズシ,修善寺温泉と天城越えの舞台,
222232,静岡県,御前崎市,オマエザキシ,御前崎灯台と遠州灘の海岸線が名所,
222241,静岡県,菊川市,キクガワシ,茶の栽培が盛んな志太榛原地域,
222259,静岡県,伊豆の国市,イズノクニシ,韮山反射炉と伊豆長岡温泉がある,
222267,静岡県,牧之原市,マキノハラシ,牧之原台地のお茶畑と静波海岸が有名,
231002,愛知県,名古屋市,ナゴヤシ,名古屋城と味噌カツ・ひつまぶしが名物,
232017,愛知県,豊橋市,トヨハシシ,手筒花火と豊橋カレーうどんが有名,
232025,愛知県,岡崎市,オカザキシ,岡崎城と八丁味噌が特産,
232033,愛知県,一宮市,イチノミヤシ,七夕まつりと毛織物産業が盛ん,
232041,愛知県,瀬戸市,セトシ,瀬戸焼の産地で陶磁器文化が根付く,
232050,愛知県,半田市,ハンダシ,ミツカン酢の本社と赤レンガ建物が観光地,
232068,愛知県,春日井市,カスガイシ,サボテン栽培と書道文化が盛ん,
232076,愛知県,豊川市,トヨカワシ,豊川稲荷とB級グルメの豊川いなり寿司が有名,
232084,愛知県,津島市,ツシマシ,尾張津島天王祭と歴史ある町並み,
232092,愛知県,碧南市,ヘキナンシ,しょうゆ・みりんの醸造と火力発電所がある,
232106,愛知県,刈谷市,カリヤシ,トヨタグループの工場と刈谷ハイウェイオアシス,
232114,愛知県,豊田市,トヨタシ,トヨタ自動車本社と足助・香嵐渓がある,
232122,愛知県,安城市,アンジョウシ,デンパークと農業先進都市,
232131,愛知県,西尾市,ニシオシ,西尾の抹茶と一色産うなぎが名物,
232149,愛知県,蒲郡市,ガマゴオリシ,ラグーナテンボスと竹島水族館が観光地,
232157,愛知県,犬山市,イヌヤマシ,犬山城とリトルワールドが人気,
232165,愛知県,常滑市,トコナメシ,常滑焼と中部国際空港セントレアがある,
232173,愛知県,江南市,コウナンシ,曼陀羅寺の藤まつりが有名,
232190,愛知県,小牧市,コマキシ,小牧山城と名古屋空港がある,
232203,愛知県,稲沢市,イナザワシ,国府宮はだか祭と植木の産地,
232211,愛知県,新城市,シンシロシ,設楽原の古戦場と四谷の千枚田がある,
232220,愛知県,東海市,トウカイシ,製鉄業と聚楽園大仏がある,
232238,愛知県,大府市,オオブシ,健康都市宣言とあいち健康の森公園,
232246,愛知県,知多市,チタシ,新舞子マリンパークと産業道路沿いの工場群,
232254,愛知県,知立市,チリュウシ,知立まつりと東海道の宿場町,
232262,愛知県,尾張旭市,オワリアサヒシ,城山公園と自然豊かな住宅都市,
232271,愛知県,高浜市,タカハマシ,三州瓦の生産地として有名,
232289,愛知県,岩倉市,イワクラシ,五条川の桜並木が名所,
232297,愛知県,豊明市,トヨアケシ,中京競馬場と桶狭間古戦場がある,
232301,愛知県,日進市,ニッシンシ,大学や研究施設が多くベッドタウン化,
232319,愛知県,田原市,タハラシ,渥美半島と伊良湖岬、メロンの産地,
232327,愛知県,愛西市,アイサイシ,レンコンと木曽川の自然が特徴,
232335,愛知県,清須市,キヨスシ,清洲城と信長ゆかりの地,
232343,愛知県,北名古屋市,キタナゴヤシ,旧西春・師勝町で住宅地が中心,
232351,愛知県,弥富市,ヤトミシ,金魚の養殖と名古屋港への物流拠点,
232360,愛知県,みよし市,ミヨシシ,豊田市の衛星都市で自動車産業が根付く,
232378,愛知県,あま市,アマシ,七宝焼の伝統工芸と甚目寺観音,
232386,愛知県,長久手市,ナガクテシ,ジブリパークと愛・地球博記念公園がある,
242012,三重県,津市,ツシ,日本一短い市名と津観音・うなぎ料理が有名,
242021,三重県,四日市市,ヨッカイチシ,四日市コンビナートと萬古焼が有名,
242039,三重県,伊勢市,イセシ,伊勢神宮と赤福が全国的に知られる,
242047,三重県,松阪市,マツサカシ,松阪牛の産地として有名,
242055,三重県,桑名市,クワナシ,ナガシマリゾートと蛤料理が名物,
242071,三重県,鈴鹿市,スズカシ,鈴鹿サーキットと自動車産業が盛ん,
242080,三重県,名張市,ナバリシ,赤目四十八滝と忍者ゆかりの地,
242098,三重県,尾鷲市,オワセシ,熊野古道と漁業の町,
242101,三重県,亀山市,カメヤマシ,関宿とろうそくの生産で知られる,
242110,三重県,鳥羽市,トバシ,鳥羽水族館と真珠養殖発祥の地,
242128,三重県,熊野市,クマノシ,鬼ヶ城と花の窟神社がある,
242144,三重県,いなべ市,イナベシ,梅林公園と自然豊かな里山地域,
242152,三重県,志摩市,シマシ,英虞湾と志摩スペイン村が観光地,
242161,三重県,伊賀市,イガシ,伊賀流忍者と俳聖・松尾芭蕉の故郷,
252018,滋賀県,大津市,オオツシ,比叡山延暦寺と琵琶湖の玄関口,
252026,滋賀県,彦根市,ヒコネシ,国宝・彦根城とひこにゃんが有名,
252034,滋賀県,長浜市,ナガハマシ,黒壁スクエアと曳山祭りが人気,
252042,滋賀県,近江八幡市,オウミハチマンシ,八幡堀とヴォーリズ建築が残る町並み,
252069,滋賀県,草津市,クサツシ,JR草津駅周辺の商業地と草津宿本陣がある,
252077,滋賀県,守山市,モリヤマシ,琵琶湖大橋の東側とサイクリングの拠点,
252085,滋賀県,栗東市,リットウシ,JRA栗東トレーニングセンターがある,
252093,滋賀県,甲賀市,コウカシ,甲賀流忍者と信楽焼の里,
252107,滋賀県,野洲市,ヤスシ,兵主大社と三上山（近江富士）がある,
252115,滋賀県,湖南市,コナンシ,石部宿と甲西駅周辺の住宅地,
252123,滋賀県,高島市,タカシマシ,メタセコイア並木と安曇川の自然景観,
252131,滋賀県,東近江市,ヒガシオウミシ,能登川水車と近江商人の町,
252140,滋賀県,米原市,マイバラシ,滋賀唯一の新幹線駅と醒井宿がある,
261009,京都府,京都市,キョウトシ,清水寺や金閣寺など世界的観光都市,
262013,京都府,福知山市,フクチヤマシ,福知山城と明智光秀ゆかりの地,
262021,京都府,舞鶴市,マイヅルシ,赤れんがパークと海上自衛隊舞鶴基地,
262030,京都府,綾部市,アヤベシ,グンゼ発祥地であやべ温泉がある,
262048,京都府,宇治市,ウジシ,宇治茶と世界遺産の平等院鳳凰堂,
262056,京都府,宮津市,ミヤヅシ,日本三景の天橋立がある,
262064,京都府,亀岡市,カメオカシ,保津川下りと明智光秀ゆかりの地,
262072,京都府,城陽市,ジョウヨウシ,青谷梅林と梅酒造りが盛ん,
262081,京都府,向日市,ムコウシ,長岡京跡と竹の径がある,
262099,京都府,長岡京市,ナガオカキョウシ,長岡天満宮と竹林の名所,
262102,京都府,八幡市,ヤワタシ,石清水八幡宮と男山がある,
262111,京都府,京田辺市,キョウタナベシ,同志社大学と一休寺がある,
262129,京都府,京丹後市,キョウタンゴシ,夕日ヶ浦温泉と丹後ちりめんが有名,
262137,京都府,南丹市,ナンタンシ,美山かやぶきの里と保津川渓谷,
262145,京都府,木津川市,キヅガワシ,恭仁京跡と京都府立けいはんな記念公園,
271004,大阪府,大阪市,オオサカシ,道頓堀や大阪城などグルメと観光の中心地,
271403,大阪府,堺市,サカイシ,仁徳天皇陵古墳と刃物産業で有名,
272027,大阪府,岸和田市,キシワダシ,岸和田だんじり祭が有名,
272035,大阪府,豊中市,トヨナカシ,大阪空港と住宅都市として発展,
272043,大阪府,池田市,イケダシ,インスタントラーメン発祥と五月山動物園,
272051,大阪府,吹田市,スイタシ,万博記念公園と太陽の塔がある,
272060,大阪府,泉大津市,イズミオオツシ,毛布の生産が盛ん,
272078,大阪府,高槻市,タカツキシ,芥川桜堤と高槻ジャズストリートが有名,
272086,大阪府,貝塚市,カイヅカシ,水間観音と自然豊かなまち,
272094,大阪府,守口市,モリグチシ,パナソニック発祥の地と住宅地,
272108,大阪府,枚方市,ヒラカタシ,ひらかたパークと淀川沿いの街,
272116,大阪府,茨木市,イバラキシ,立命館大学と茨木童子伝説がある,
272124,大阪府,八尾市,ヤオシ,河内木綿と久宝寺緑地がある,
272132,大阪府,泉佐野市,イズミサノシ,関西空港の玄関口と泉州タオル,
272141,大阪府,富田林市,トンダバヤシシ,寺内町の歴史的街並みとPLの塔,
272159,大阪府,寝屋川市,ネヤガワシ,打上川治水緑地と住宅地が広がる,
272167,大阪府,河内長野市,カワチナガノシ,観心寺と自然豊かな奥河内エリア,
272175,大阪府,松原市,マツバラシ,布忍神社と近鉄河内松原駅周辺の市街地,
272183,大阪府,大東市,ダイトウシ,飯盛山と野崎観音がある,
272191,大阪府,和泉市,イズミシ,信太森葛葉稲荷神社と桃の産地,
272205,大阪府,箕面市,ミノオシ,箕面大滝と紅葉の名所,
272213,大阪府,柏原市,カシワラシ,ぶどう栽培と玉手山公園がある,
272221,大阪府,羽曳野市,ハビキノシ,古市古墳群とぶどうの産地,
272230,大阪府,門真市,カドマシ,パナソニック本社と門真運転免許試験場,
272248,大阪府,摂津市,セッツシ,交通アクセス良好な住宅地,
272256,大阪府,高石市,タカイシシ,高師浜と石油コンビナートがある,
272264,大阪府,藤井寺市,フジイデラシ,古市古墳群と道明寺天満宮がある,
272272,大阪府,東大阪市,ヒガシオオサカシ,中小製造業の集積地でラグビーの街,
272281,大阪府,泉南市,センナンシ,りんくう南浜と自然海岸がある,
272299,大阪府,四條畷市,シジョウナワテシ,飯盛山と四條畷神社がある,
272302,大阪府,交野市,カタノシ,星田妙見宮と七夕伝説の地,
272311,大阪府,大阪狭山市,オオサカサヤマシ,狭山池と日本最古のダム式ため池,
272329,大阪府,阪南市,ハンナンシ,箱作海岸と自然豊かな丘陵地,
281000,兵庫県,神戸市,コウベシ,異人館や南京町がある港町で神戸牛が有名,
282014,兵庫県,姫路市,ヒメジシ,世界遺産の姫路城としらさぎの舞,
282022,兵庫県,尼崎市,アマガサキシ,阪神工業地帯と文楽人形が伝統文化,
282031,兵庫県,明石市,アカシシ,明石焼と日本標準時子午線が通る,
282049,兵庫県,西宮市,ニシノミヤシ,甲子園球場と西宮神社がある,
282057,兵庫県,洲本市,スモトシ,淡路島の中心都市で洲本温泉がある,
282065,兵庫県,芦屋市,アシヤシ,高級住宅街と芦屋川沿いの桜並木が美しい,
282073,兵庫県,伊丹市,イタミシ,大阪空港と清酒発祥の地として知られる,
282081,兵庫県,相生市,アイオイシ,ペーロン祭と造船の町,
282090,兵庫県,豊岡市,トヨオカシ,城崎温泉とコウノトリの郷公園がある,
282103,兵庫県,加古川市,カコガワシ,日岡山公園と播磨の穀倉地帯,
282120,兵庫県,赤穂市,アコウシ,忠臣蔵の赤穂浪士と赤穂塩が有名,
282138,兵庫県,西脇市,ニシワキシ,日本のへそ（日本標準時東経135度）が通る,
282146,兵庫県,宝塚市,タカラヅカシ,宝塚歌劇団と手塚治虫記念館,
282154,兵庫県,三木市,ミキシ,金物のまちとして伝統的な工具産業,
282162,兵庫県,高砂市,タカサゴシ,高砂神社と港町文化が根付く,
282171,兵庫県,川西市,カワニシシ,多田神社と里山文化が残る住宅地,
282189,兵庫県,小野市,オノシ,そろばんと播磨中央公園がある,
282197,兵庫県,三田市,サンダシ,自然と都市が調和するニュータウン,
282201,兵庫県,加西市,カサイシ,一乗寺と鶉野飛行場跡がある,
282219,兵庫県,丹波篠山市,タンバササヤマシ,黒豆と篠山城下町が有名,
282227,兵庫県,養父市,ヤブシ,天滝と鉱山遺跡が残る山間地域,
282235,兵庫県,丹波市,タンバシ,丹波栗と柏原藩陣屋町がある,
282243,兵庫県,南あわじ市,ミナミアワジシ,淡路人形浄瑠璃と玉ねぎの名産地,
282251,兵庫県,朝来市,アサゴシ,竹田城跡（天空の城）と生野銀山が名所,
282260,兵庫県,淡路市,アワジシ,淡路島北部に位置し、あわじ花さじきや淡路夢舞台が名所,
282278,兵庫県,宍粟市,シソウシ,西日本最大級の山林資源と一宮温泉がある,
282286,兵庫県,加東市,カトウシ,播磨中央公園と社高校で有名,
282294,兵庫県,たつの市,タツノシ,そうめん（揖保乃糸）と龍野城跡がある,
292010,奈良県,奈良市,ナラシ,東大寺・興福寺と鹿で有名な古都,
292028,奈良県,大和高田市,ヤマトタカダシ,高田千本桜と繊維産業が盛ん,
292036,奈良県,大和郡山市,ヤマトコオリヤマシ,金魚のまちとして有名,
292044,奈良県,天理市,テンリシ,天理教の本部と天理参考館がある,
292052,奈良県,橿原市,カシハラシ,橿原神宮と藤原京跡がある,
292061,奈良県,桜井市,サクライシ,三輪そうめんと三輪山が信仰の対象,
292079,奈良県,五條市,ゴジョウシ,柿の名産地と旧五條新町通り,
292087,奈良県,御所市,ゴセシ,葛城山と高天原伝説の地,
292095,奈良県,生駒市,イコマシ,生駒山と宝山寺・ケーブルカーが名所,
292109,奈良県,香芝市,カシバシ,二上山と住宅地が発展中,
292117,奈良県,葛城市,カツラギシ,當麻寺と相撲発祥の地,
292125,奈良県,宇陀市,ウダシ,室生寺と薬草文化が残る山里,
302015,和歌山県,和歌山市,ワカヤマシ,和歌山城と紀三井寺がある城下町,
302023,和歌山県,海南市,カイナンシ,漆器の紀州漆器と黒江の町並みが有名,
302031,和歌山県,橋本市,ハシモトシ,高野山の玄関口と柿の産地,
302040,和歌山県,有田市,アリダシ,有田みかんと醤油発祥の地,
302058,和歌山県,御坊市,ゴボウシ,日高地方の中心で煙樹ヶ浜が名所,
302066,和歌山県,田辺市,タナベシ,熊野古道と南紀白浜への玄関口,
302074,和歌山県,新宮市,シングウシ,熊野速玉大社と神倉神社がある,
302082,和歌山県,紀の川市,キノカワシ,桃と柿の果樹栽培が盛ん,
302091,和歌山県,岩出市,イワデシ,根来寺と近畿大学生物理工学部がある,
312011,鳥取県,鳥取市,トットリシ,鳥取砂丘と砂の美術館が有名,
312029,鳥取県,米子市,ヨナゴシ,皆生温泉と大山の玄関口として知られる,
312037,鳥取県,倉吉市,クラヨシシ,白壁土蔵群と打吹公園が観光名所,
312045,鳥取県,境港市,サカイミナトシ,水木しげるロードと海産物が名物,
322016,島根県,松江市,マツエシ,松江城と宍道湖の夕日が有名,
322024,島根県,浜田市,ハマダシ,水産業と石見神楽が盛んな港町,
322032,島根県,出雲市,イズモシ,出雲大社と縁結びの神話で知られる,
322041,島根県,益田市,マスダシ,雪舟庭園と柿本人麻呂ゆかりの地,
322059,島根県,大田市,オオダシ,世界遺産の石見銀山遺跡がある,
322067,島根県,安来市,ヤスギシ,どじょうすくい踊りと足立美術館が名所,
322075,島根県,江津市,ゴウツシ,石見神楽と江の川沿いの自然景観,
322091,島根県,雲南市,ウンナンシ,たたら製鉄と奥出雲の自然文化,
331007,岡山県,岡山市,オカヤマシ,後楽園と岡山城、桃太郎伝説の地,
332020,岡山県,倉敷市,クラシキシ,美観地区と大原美術館が有名,
332038,岡山県,津山市,ツヤマシ,津山城跡とホルモンうどんが名物,
332046,岡山県,玉野市,タマノシ,宇野港と瀬戸内国際芸術祭の玄関口,
332054,岡山県,笠岡市,カサオカシ,笠岡ラーメンとカブトガニ博物館,
332071,岡山県,井原市,イバラシ,平櫛田中美術館と絣織物の産地,
332089,岡山県,総社市,ソウジャシ,備中国分寺と鬼ノ城がある歴史のまち,
332097,岡山県,高梁市,タカハシシ,備中松山城と雲海の名所,
332101,岡山県,新見市,ニイミシ,井倉洞と千屋牛が名物,
332119,岡山県,備前市,ビゼンシ,備前焼の産地として知られる,
332127,岡山県,瀬戸内市,セトウチシ,牛窓の港町とレモンの産地,
332135,岡山県,赤磐市,アカイワシ,桃とぶどうのフルーツ王国,
332143,岡山県,真庭市,マニワシ,蒜山高原と湯原温泉が人気観光地,
332151,岡山県,美作市,ミマサカシ,湯郷温泉と作州牛が名産,
332160,岡山県,浅口市,アサクチシ,国立天文台岡山天体物理観測所がある,
341002,広島県,広島市,ヒロシマシ,原爆ドームと平和記念公園がある世界平和の象徴,
342025,広島県,呉市,クレシ,大和ミュージアムと海上自衛隊の基地がある,
342033,広島県,竹原市,タケハラシ,古い町並み保存地区とアニメ『たまゆら』の舞台,
342041,広島県,三原市,ミハラシ,三原城跡とタコ料理が名物,
342050,広島県,尾道市,オノミチシ,坂の町としまなみ海道の玄関口,
342076,広島県,福山市,フクヤマシ,福山城とバラのまち,
342084,広島県,府中市,フチュウシ,備後絣と家具産業が盛んな町,同名の市が東京都に存在する。
342092,広島県,三次市,ミヨシシ,霧の海とワイン、鵜飼が有名,
342106,広島県,庄原市,ショウバラシ,国営備北丘陵公園と帝釈峡がある,
342114,広島県,大竹市,オオタケシ,化学工業と山陽道の宿場町,
342122,広島県,東広島市,ヒガシヒロシマシ,西条の酒蔵通りと広島大学がある,
342131,広島県,廿日市市,ハツカイチシ,世界遺産・厳島神社のある宮島を含む,
342149,広島県,安芸高田市,アキタカタシ,吉田郡山城と毛利元就ゆかりの地,
342157,広島県,江田島市,エタジマシ,旧海軍兵学校と牡蠣の養殖が盛ん,
352012,山口県,下関市,シモノセキシ,ふぐ料理と関門海峡を望む港町,
352021,山口県,宇部市,ウベシ,ときわ公園とセメント産業が中心,
352039,山口県,山口市,ヤマグチシ,瑠璃光寺五重塔と湯田温泉がある,
352047,山口県,萩市,ハギシ,世界遺産の城下町と萩焼の産地,
352063,山口県,防府市,ホウフシ,防府天満宮と毛利氏庭園が有名,
352071,山口県,下松市,クダマツシ,笠戸島と重工業で知られる,
352080,山口県,岩国市,イワクニシ,錦帯橋と岩国れんこんが名物,
352101,山口県,光市,ヒカリシ,室積海岸と虹ケ浜海水浴場がある,
352110,山口県,長門市,ナガトシ,元乃隅神社と青海島の景観が魅力,
352128,山口県,柳井市,ヤナイシ,金魚ちょうちんと白壁の町並みが特徴,
352136,山口県,美祢市,ミネシ,秋芳洞とカルスト台地で有名,
352152,山口県,周南市,シュウナンシ,徳山動物園と工場夜景が観光資源,
352161,山口県,山陽小野田市,サンヨウオノダシ,きららビーチ焼野と陶芸文化,
362018,徳島県,徳島市,トクシマシ,阿波おどりと眉山が有名な県都,
362026,徳島県,鳴門市,ナルトシ,鳴門の渦潮と大塚国際美術館がある,
362034,徳島県,小松島市,コマツシマシ,小松島港と阿波水軍の歴史がある,
362042,徳島県,阿南市,アナンシ,四国電力の火力発電所と美波町への玄関口,
362051,徳島県,吉野川市,ヨシノガワシ,吉野川と阿波踊り文化が息づく,
362069,徳島県,阿波市,アワシ,阿波人形浄瑠璃と田園風景が広がる,
362077,徳島県,美馬市,ミマシ,うだつの町並みと藍染文化がある,
362085,徳島県,三好市,ミヨシシ,祖谷渓のかずら橋とラフティングで有名,
372013,香川県,高松市,タカマツシ,栗林公園と讃岐うどんの本場,
372021,香川県,丸亀市,マルガメシ,丸亀城とうちわの生産が盛ん,
372030,香川県,坂出市,サカイデシ,瀬戸大橋と番の州工業地帯がある,
372048,香川県,善通寺市,ゼンツウジシ,弘法大師空海の誕生地と善通寺,
372056,香川県,観音寺市,カンオンジシ,銭形砂絵と琴弾公園が名所,
372064,香川県,さぬき市,サヌキシ,志度寺と津田の松原がある,
372072,香川県,東かがわ市,ヒガシカガワシ,手袋の生産と引田の古い町並み,
372081,香川県,三豊市,ミトヨシ,父母ヶ浜の夕日と荘内半島が美しい,
382019,愛媛県,松山市,マツヤマシ,道後温泉と松山城、正岡子規の出身地,
382027,愛媛県,今治市,イマバリシ,今治タオルとしまなみ海道の起点,
382035,愛媛県,宇和島市,ウワジマシ,闘牛と宇和島城がある,
382043,愛媛県,八幡浜市,ヤワタハマシ,魚市場とちゃんぽんが名物,
382051,愛媛県,新居浜市,ニイハマシ,別子銅山と太鼓祭りで知られる,
382060,愛媛県,西条市,サイジョウシ,石鎚山とうちぬき水が名水百選,
382078,愛媛県,大洲市,オオズシ,肱川の鵜飼と大洲城の城下町,
382108,愛媛県,伊予市,イヨシ,郡中港と五色浜、いよかんの産地,
382132,愛媛県,四国中央市,シコクチュウオウシ,製紙工業と紙のまちミュージアム,
382141,愛媛県,西予市,セイヨシ,宇和米博物館と段々畑の景観,
382159,愛媛県,東温市,トウオンシ,滑川渓谷と重信川温泉郷がある,
392014,高知県,高知市,コウチシ,坂本龍馬の生誕地とひろめ市場が有名,
392022,高知県,室戸市,ムロトシ,室戸岬とジオパークに指定された自然景観,
392031,高知県,安芸市,アキシ,野良時計とナスの産地で知られる,
392049,高知県,南国市,ナンコクシ,高知龍馬空港と長宗我部元親ゆかりの地,
392057,高知県,土佐市,トサシ,文旦と漁港のある町,
392065,高知県,須崎市,スサキシ,鍋焼きラーメンと港町の風情,
392081,高知県,宿毛市,スクモシ,だるま夕日と温暖な海岸線が美しい,
392090,高知県,土佐清水市,トサシミズシ,足摺岬とジョン万次郎の出身地,
392103,高知県,四万十市,シマントシ,四万十川と沈下橋が有名,
392111,高知県,香南市,コウナンシ,やなせたかし記念館と海水浴場がある,
392120,高知県,香美市,カミシ,アンパンマンミュージアムと龍河洞が名所,
401005,福岡県,北九州市,キタキュウシュウシ,門司港レトロと工業都市として発展,
401307,福岡県,福岡市,フクオカシ,天神・博多・中洲がある九州最大都市,
402028,福岡県,大牟田市,オオムタシ,三池炭鉱と石炭産業科学館がある,
402036,福岡県,久留米市,クルメシ,久留米ラーメンと石橋文化センターが有名,
402044,福岡県,直方市,ノオガタシ,遠賀川とチューリップフェアが名物,
402052,福岡県,飯塚市,イイヅカシ,嘉穂劇場と炭鉱の歴史が残る,
402061,福岡県,田川市,タガワシ,炭坑節と香春岳が有名,
402079,福岡県,柳川市,ヤナガワシ,川下りと北原白秋の故郷,
402109,福岡県,八女市,ヤメシ,八女茶と伝統工芸が盛んな町,
402117,福岡県,筑後市,チクゴシ,船小屋温泉と恋木神社が人気,
402125,福岡県,大川市,オオカワシ,家具の生産地として全国に知られる,
402133,福岡県,行橋市,ユクハシシ,今川河川敷と英彦山の玄関口,
402141,福岡県,豊前市,ブゼンシ,求菩提山と城下町跡がある,
402150,福岡県,中間市,ナカマシ,遠賀川と昭和の風情ある住宅街,
402168,福岡県,小郡市,オゴオリシ,七夕神社と歴史ある街並み,
402176,福岡県,筑紫野市,チクシノシ,二日市温泉と太宰府への中継地,
402184,福岡県,春日市,カスガシ,ベッドタウンとして発展し緑も多い,
402192,福岡県,大野城市,オオノジョウシ,大野城跡とベッドタウン機能,
402206,福岡県,宗像市,ムナカタシ,宗像大社と世界遺産の沖ノ島,
402214,福岡県,太宰府市,ダザイフシ,太宰府天満宮と九州国立博物館,
402231,福岡県,古賀市,コガシ,玄界灘と青柳醤油が名物,
402249,福岡県,福津市,フクツシ,宮地嶽神社と海岸線の夕日が美しい,
402257,福岡県,うきは市,ウキハシ,筑後川と果樹園が広がる田園地帯,
402265,福岡県,宮若市,ミヤワカシ,トヨタ自動車九州工場と若宮神社がある,
402273,福岡県,嘉麻市,カマシ,旧山田炭鉱と嘉麻川の清流,
402281,福岡県,朝倉市,アサクラシ,秋月の城下町と甘木絞りが有名,
402290,福岡県,みやま市,ミヤマシ,清水寺本坊庭園と高田のひなまつり,
402303,福岡県,糸島市,イトシマシ,糸島半島の海岸線とカフェ巡りが人気の観光地,
402311,福岡県,那珂川市,ナカガワシ,博多の南に位置し、清流那珂川と自然が調和した住宅地,
412015,佐賀県,佐賀市,サガシ,佐賀城跡と佐賀バルーンフェスタで有名,
412023,佐賀県,唐津市,カラツシ,唐津くんちと唐津城、虹の松原がある,
412031,佐賀県,鳥栖市,トスシ,Jリーグ・サガン鳥栖の本拠地と交通の要衝,
412040,佐賀県,多久市,タクシ,多久聖廟と学問の神様・孔子に縁がある,
412058,佐賀県,伊万里市,イマリシ,伊万里焼と陶器市が有名,
412066,佐賀県,武雄市,タケオシ,武雄温泉と図書館が人気,
412074,佐賀県,鹿島市,カシマシ,祐徳稲荷神社と鹿島酒蔵ツーリズム,
412082,佐賀県,小城市,オギシ,羊羹と清水の滝が名所,
412091,佐賀県,嬉野市,ウレシノシ,嬉野温泉と温泉湯豆腐が有名,
412104,佐賀県,神埼市,カンザキシ,吉野ヶ里遺跡と脊振山系の自然が豊か,
422011,長崎県,長崎市,ナガサキシ,平和公園と出島、グラバー園が有名,
422029,長崎県,佐世保市,サセボシ,米軍基地とハウステンボスがある港町,
422037,長崎県,島原市,シマバラシ,島原城と雲仙普賢岳災害遺構が残る,
422045,長崎県,諫早市,イサハヤシ,諫早湾干拓とうなぎ料理が名物,
422053,長崎県,大村市,オオムラシ,長崎空港と大村公園の花まつりがある,
422070,長崎県,平戸市,ヒラドシ,平戸城とキリシタン文化の名残,
422088,長崎県,松浦市,マツウラシ,アジとサバの水揚げが多い漁業都市,
422096,長崎県,対馬市,ツシマシ,国境の島で韓国との交流が深い,
422100,長崎県,壱岐市,イキシ,壱岐焼酎と古代遺跡が多く残る,
422118,長崎県,五島市,ゴトウシ,キリスト教の隠れ里と美しい海岸線,
422126,長崎県,西海市,サイカイシ,西彼杵半島と大島大橋がある,
422134,長崎県,雲仙市,ウンゼンシ,雲仙温泉と地獄めぐりが名所,
422142,長崎県,南島原市,ミナミシマバラシ,原城跡と島原の乱の歴史を伝える,
431001,熊本県,熊本市,クマモトシ,熊本城とくまモンで有名な県庁所在地,
432024,熊本県,八代市,ヤツシロシ,い草と晩白柚、八代花火大会が有名,
432032,熊本県,人吉市,ヒトヨシシ,球磨川下りと人吉温泉の城下町,
432041,熊本県,荒尾市,アラオシ,グリーンランド遊園地と万田坑跡,
432059,熊本県,水俣市,ミナマタシ,水俣湾とエコパークが整備された再生のまち,
432067,熊本県,玉名市,タマナシ,玉名ラーメンと温泉郷で知られる,
432083,熊本県,山鹿市,ヤマガシ,山鹿灯籠まつりと温泉街が名物,
432105,熊本県,菊池市,キクチシ,菊池温泉と菊池渓谷の自然美,
432113,熊本県,宇土市,ウトシ,宇土マリーナと轟貝塚がある,
432121,熊本県,上天草市,カミアマクサシ,天草五橋と釣り・温泉の観光地,
432130,熊本県,宇城市,ウキシ,三角西港と不知火海の景観が美しい,
432148,熊本県,阿蘇市,アソシ,阿蘇山と草千里が広がる自然の宝庫,
432156,熊本県,天草市,アマクサシ,潜伏キリシタンの歴史とイルカウォッチング,
432164,熊本県,合志市,コウシシ,熊本都市圏に属し研究学園都市として発展中,
442011,大分県,大分市,オオイタシ,別府と並ぶ温泉都市で府内城跡もある,
442020,大分県,別府市,ベップシ,湯けむり立ち上る地獄めぐりが名物,
442038,大分県,中津市,ナカツシ,福沢諭吉の出身地と中津城がある,
442046,大分県,日田市,ヒタシ,豆田町の町並みと天領まつりが魅力,
442054,大分県,佐伯市,サイキシ,リアス式海岸と魚介グルメが充実,
442062,大分県,臼杵市,ウスキシ,臼杵石仏と醤油・味噌の文化,
442071,大分県,津久見市,ツクミシ,セメント産業とまぐろ料理が名物,
442089,大分県,竹田市,タケタシ,岡城跡と久住高原の自然,
442097,大分県,豊後高田市,ブンゴタカダシ,昭和の町並みと国東半島の玄関口,
442101,大分県,杵築市,キツキシ,武家屋敷と城下町の町割りが残る,
442119,大分県,宇佐市,ウサシ,宇佐神宮とからあげの聖地,
442127,大分県,豊後大野市,ブンゴオオノシ,沈堕の滝と風連鍾乳洞がある,
442135,大分県,由布市,ユフシ,由布院温泉と金鱗湖が人気,
442143,大分県,国東市,クニサキシ,六郷満山文化と文殊仙寺がある,
452017,宮崎県,宮崎市,ミヤザキシ,青島とシーガイアで知られる南国観光都市,
452025,宮崎県,都城市,ミヤコノジョウシ,焼酎と畜産が盛んな内陸都市,
452033,宮崎県,延岡市,ノベオカシ,旭化成の企業城下町で祝子川渓谷がある,
452041,宮崎県,日南市,ニチナンシ,飫肥城下町と油津港が有名,
452050,宮崎県,小林市,コバヤシシ,霧島山麓の湧水と果物が豊富,
452068,宮崎県,日向市,ヒュウガシ,サーフィンと日向岬の絶景スポット,
452076,宮崎県,串間市,クシマシ,都井岬と野生馬の観察地,
452084,宮崎県,西都市,サイトシ,西都原古墳群とマンゴー栽培が盛ん,
452092,宮崎県,えびの市,エビノシ,えびの高原と温泉地がある,
462012,鹿児島県,鹿児島市,カゴシマシ,桜島と西郷隆盛ゆかりの地,
462039,鹿児島県,鹿屋市,カノヤシ,鹿屋航空基地資料館とバラ園が有名,
462047,鹿児島県,枕崎市,マクラザキシ,かつお節の生産地として有名,
462063,鹿児島県,阿久根市,アクネシ,東シナ海に面した海産物のまち,
462080,鹿児島県,出水市,イズミシ,ナベヅルの渡来地と武家屋敷群,
462101,鹿児島県,指宿市,イブスキシ,砂むし温泉と開聞岳が名所,
462136,鹿児島県,西之表市,ニシノオモテシ,種子島宇宙センターのある島の玄関口,
462144,鹿児島県,垂水市,タルミズシ,温泉と錦江湾越しの桜島が魅力,
462152,鹿児島県,薩摩川内市,サツマセンダイシ,川内原発と川内高城温泉,
462161,鹿児島県,日置市,ヒオキシ,美山の薩摩焼と吹上浜が有名,
462179,鹿児島県,曽於市,ソオシ,ゆずと焼酎が特産の内陸都市,
462187,鹿児島県,霧島市,キリシマシ,霧島温泉郷と高千穂峰の霊山,
462195,鹿児島県,いちき串木野市,イチキクシキノシ,まぐろの町と串木野金山跡,
462209,鹿児島県,南さつま市,ミナミサツマシ,吹上浜と砂の祭典が開催される,
462217,鹿児島県,志布志市,シブシシ,志布志港とウナギ養殖が有名,
462225,鹿児島県,奄美市,アマミシ,奄美大島の中心でマングローブ林が広がる,
462233,鹿児島県,南九州市,ミナミキュウシュウシ,知覧特攻平和会館と茶の生産地,
462241,鹿児島県,伊佐市,イサシ,伊佐米と大口酒造の焼酎文化,
462250,鹿児島県,姶良市,アイラシ,ベッドタウンとして発展中で温泉も豊富,
472018,沖縄県,那覇市,ナハシ,首里城と国際通りのある沖縄の中心都市,
472051,沖縄県,宜野湾市,ギノワンシ,沖縄コンベンションセンターと普天間基地がある,
472077,沖縄県,石垣市,イシガキシ,八重山諸島の中心で川平湾が人気,
472085,沖縄県,浦添市,ウラソエシ,琉球王国ゆかりの浦添城跡がある,
472093,沖縄県,名護市,ナゴシ,美ら海水族館とリゾートホテルが立ち並ぶ,
472107,沖縄県,糸満市,イトマンシ,沖縄戦終焉の地・平和祈念公園がある,
472115,沖縄県,沖縄市,オキナワシ,コザの異文化交流と音楽の街,
472123,沖縄県,豊見城市,トミグスクシ,瀬長島とウミカジテラスが観光地,
472131,沖縄県,うるま市,ウルマシ,海中道路と勝連城跡が有名,
472140,沖縄県,宮古島市,ミヤコジマシ,エメラルドグリーンの海と伊良部大橋,
472158,沖縄県,南城市,ナンジョウシ,斎場御嶽とグスク巡りが楽しめる,